id,premise,hypothesis,true_label,predicted,confidence,latency_ms,correct
0,Esta situación también podría afectar a nuestra capacidad para montar otro festival el próximo año.,Es posible que no tengamos otro festival el próximo año.,entailment,neutral,0.4656,67.24357604980469,False
1,"Regresarás a él de inmediato, y llevarás a tu tripulación contigo, o de lo contrario... Pero Ogle, violento de apariencia y gestos, lo interrumpió.",Ogle tenía una tripulación.,entailment,entailment,0.7312,66.59936904907227,True
2,28 En algunos casos son necesarios cortes más largos.,Nunca es necesario tener interrupciones.,contradiction,contradiction,0.9999,56.17475509643555,True
3,Exigir a los abogados que supervisen los movimientos de los extranjeros elegibles en todo momento del año impondría cargas monumentales a los beneficiarios de LSC.,Sería un asunto trivial que los extranjeros que son aptos fuesen siempre supervisados por un abogado.,contradiction,contradiction,0.9939,75.13022422790527,True
4,La figura 3 muestra los resultados básicos de los dos modelos.,La Figura 3 muestra cómo los modelos calculan los ingresos.,neutral,neutral,0.8257,60.71209907531738,True
5,"Y, uf, se mudaron al centro y uf, hubo un uf, y sigue siendo así en Augusta, esa calle grande del centro que se llama Broad Street, y de verdad que es solo esta calle ancha de una parte central.",Fueron a la calle que tenía más restaurantes y bares.,neutral,neutral,0.9956,82.2451114654541,True
6,...porque tienen tan poca autoestima que valoran la amistad de ladrones y asesinos.,Ninguno de sus amigos son ladrones o asesinos.,contradiction,contradiction,0.9998,59.93485450744629,True
7,TABLA A.- TOTAL DE SUBSIDIOS DE MERCURIO ASIGNADOS O SUBASTADOS PARA EGUS,Mercurio tiene conseciones establecidas.,entailment,entailment,0.4687,62.81542778015137,True
8,Las palabras que no encajan no se pueden devolver.,Algunas palabras no encajan en el puzzle.,neutral,neutral,0.9365,65.10639190673828,True
9,28 En algunos casos son necesarios cortes más largos.,A veces se necesitan interrupciones más largas.,entailment,entailment,0.9213,58.47930908203125,True
10,"Por el contrario, el impacto del volumen es mayor en los EE. UU. que en Francia porque los EE. UU. tienen densidades postales más bajas y una mayor variación en los volúmenes.",Hay un impacto mucho mayor de volumen en los Estados Unidos.,entailment,entailment,0.9006,81.25519752502441,True
11,El Dr. Richards nunca deja de sorprendernos.,Aullamos de risa cuando escuchamos las últimas noticias del Dr. Richards.,neutral,neutral,0.9012,60.591697692871094,True
12,¿Por qué Gates produce a un ritmo tan frenético?,El Presidente se preguntaba por qué las máquinas en la fábrica de Gates producen a un ritmo tan alto.,neutral,neutral,0.9848,79.99634742736816,True
13,"En la mayoría de los casos, la relación entre concentración y respuesta puede estar sobreestimada, en otros casos puede estar subestimada.",Los efectos de la relación concentración-respuesta rara vez se sobreestiman.,contradiction,contradiction,0.4038,67.49248504638672,True
14,"Sí, tenemos, entre el cónyuge y yo, tenemos seis",Mi marido y yo tenemos seis hijos en total.,neutral,neutral,0.6994,58.846473693847656,True
15,"El New Yorker ha contraatacado con ediciones especiales-- tomos masivos sobre la raza, Hollywood o el futuro.","The New Yorker ha respondido con más de 20 números especiales, incluidas revistas completas sobre racismo, viajes espaciales y educación.",neutral,neutral,0.9355,73.50921630859375,True
16,Time publica dos artículos antiemoción.,Newsweek publicó cuatro artículos muy emotivos.,contradiction,contradiction,0.9968,56.437015533447266,True
17,Tienes el descaro de reprenderme porque no te cojo las manos cuando sé cómo están manchadas; ¿cuando sé que eres un asesino y algo peor? La miró con la abierta.,"Eligió tomar sus manos porque eran pequeñas, delicadas y, sobre todo, limpias.",contradiction,neutral,0.5221,74.89562034606934,False
18,'¡Caracoles! ¿Quizás vas a explicarte? ¿A dónde ha ido Wolverstone?,¡Quiero que te expliques! Sé que sabes dónde está Wolverstone.,neutral,contradiction,0.8846,62.055349349975586,False
19,"Nos intimidaba un poco el aspecto, pero lo comimos, sin entusiasmo, pero con el labio superior rígido que habíamos bebido, por así decirlo, con la leche de nuestra madre.","A regañadientes nos comimos lo que se nos dio, aunque no nos gustaba el aspecto que tenía.",entailment,entailment,0.9551,75.43087005615234,True
20,"Si está buscando una alternativa nocturna a Harvard Square, diríjase a Inman Square, con sabor hispano, ubicado en Cambridge Street.","Por la noche, Harvard Square no es espectacular.",entailment,entailment,0.4344,65.12832641601562,True
21,"Seguía siendo una zona cultural, pero los suburbios aún eran la forma dominante.",Todo ello era muy urbano.,contradiction,neutral,0.3572,57.74211883544922,False
22,Los peregrinos comprarían pasteles de miel para esta serpiente y los dejarían en la entrada del templo para su disfrute.,La serpiente sólo comería a los peregrinos que intentasen entrar en el templo.,contradiction,contradiction,0.0117,66.99705123901367,True
23,"En Tokio, un corresponsal de The Economist vio una camiseta O D en Bourgeoisie Milk Boy Milk.",Un periodista de The Economist estuvo en Tokio y notó una camiseta particular.,entailment,entailment,0.9405,64.12887573242188,True
24,", el Regional Haze RIA y el NOx SIP Call RIA), la estimación de los beneficios de bajo costo asumió un umbral en los efectos de salud de PM a 15: g/m3.",No tenían ni idea de cómo estimar los beneficios.,contradiction,contradiction,0.9996,72.17526435852051,True
25,"Por el contrario, si los nuevos precedentes nunca se extienden, la ley común difícilmente podría evolucionar.",La ley hace tiempo que está en vigor.,entailment,contradiction,0.2133,60.83178520202637,False
26,"Hay, por supuesto, muchas escenas elegantes y coquetas en yates.",Los grandes yates son muy caros de mantener ya que necesitan mantenimiento regular y usan grandes cantidades de combustible.,neutral,neutral,0.8721,63.80915641784668,True
27,Sólo con la ayuda de nuestros socios filántropos hemos podido lograr mucho.,Bill Gates nos donó 5 millones $.,neutral,neutral,0.9948,73.49944114685059,True
28,"es algo así como un jabón, una cosa tipo de telenovela nocturna",Es como una telenovela.,entailment,contradiction,0.46,70.07455825805664,False
29,"Si se dirige al este de la terminal de Star Ferry, llegará al ayuntamiento.",El ayuntamiento está cerca de la terminal de ferry.,entailment,entailment,0.7871,66.14208221435547,True
30,Sus contribuciones al Fondo Anual en el nivel de la Sociedad Maennerchor han proporcionado asistencia significativa a la escuela.,La Sociedad Maennerchor está financiada privadamente por Bill Gates.,contradiction,neutral,0.97,77.53825187683105,False
31,"Solo perdimos dos, tres aviones mientras estábamos allí, y, uh, fase de prueba.",Un par de aviones se perdieron debido al clima.,neutral,neutral,0.9693,62.34574317932129,True
32,"Ciertamente, una parte de lo que necesitamos es una forma de distinguir la organización de procesos reales en el mundo del no equilibrio.",Necesitamos etiquetas para que podamos ver dónde está funcionando bien la organización.,neutral,neutral,0.3503,78.8106918334961,True
33,"Los fines de semana puedes unirte a los lugareños en el Parque de Palapas, donde los acordes del rock, la salsa y la música popular se combinan en una cacofonía desconcertante.","No se puede ir al Parque de Palapas, está prohibido.",contradiction,contradiction,0.9998,87.5997543334961,True
34,la consistencia es una forma de ritualismo.,Ser consistente es como realizar rituales.,entailment,entailment,0.9693,66.91098213195801,True
35,"En primer lugar, ¿por qué los seres humanos tendrían gustos similares a los de Laibson?",Todos deberían tener preferencias del estilo de Laibson.,contradiction,neutral,0.3914,63.5986328125,False
36,Incluso no veo cómo podía haber esperado que yo lo hubiera hecho.,No entiendo por qué esperaba que yo terminara el dibujo hoy,neutral,neutral,0.9724,60.686588287353516,True
37,"Cuatro de los agresores del 11 de septiembre fueron retirados en una inspección secundaria en la frontera, pero luego fueron admitidos.",A todos los agresores del 11 de septiembre se les negó la entrada en la frontera.,contradiction,contradiction,0.9882,70.14942169189453,True
38,Era embarazosa su presencia en este momento por la naturaleza de su altercado con Wolverstone.,Ella huyó rápidamente de la escena para evitar un mayor escrutinio.,neutral,neutral,0.942,62.605857849121094,True
39,"Solo perdimos dos, tres aviones mientras estábamos allí, y, uh, fase de prueba.",Nunca hemos perdido un avión.,contradiction,contradiction,0.9995,58.13193321228027,True
40,"eh, uh, sí, así que tienes un letrero ahí que dice que tienes este sistema de alarma y qué si un ladrón llega y corta tu línea telefónica",Hay una señal que dice que tienes una alarma.,entailment,entailment,0.988,68.47500801086426,True
41,"Eh, esto está bien, fue real; es divertido, fui a un seminario que era eso, era un seminario de satélites, estuvo muy bien y era solo para mujeres",Había un montón de gente asistiendo al seminario sobre el satélite.,neutral,neutral,0.8599,72.77631759643555,True
42,"A su vez, el objeto debe estar en la máquina unos minutos, y luego la máquina durante minutos, y así.","Si el objeto no permanece en la máquina durante unos minutos, explotará.",neutral,neutral,0.9786,67.66486167907715,True
43,El Ballet de San Francisco tiene su temporada principal durante la primavera en la Opera House pero también ofrece actuaciones durante el mes de diciembre.,El Ballet de San Francisco actúa más de una temporada.,entailment,neutral,0.099,64.55755233764648,False
44,"Los traductores de la Biblia King James estaban traduciendo la Biblia para un público cristiano; para ellos, la Biblia consiste en el Antiguo Testamento y el Nuevo Testamento.",La Biblia King James contiene solo el Antiguo Testamento.,contradiction,contradiction,0.9969,68.26090812683105,True
45,"El estadio en sí, y el tipo de actividad que se hacía allí, se llamaron agon, una palabra griega que originalmente significaba simplemente competición, pero que ha dado nuestra palabra agonía.",La palabra agon originalmente significaba competencia en griego.,entailment,entailment,0.9707,72.8769302368164,True
46,El segundo nivel de falsedad es que Brock defiende a Hillary sólo para elevar su propio escándalo de propiedad.,Algunas personas creen que es falso que Brock defienda a Hillary para elevarse.,neutral,neutral,0.8927,64.99838829040527,True
47,"¿Pero... pero... a bordo de este barco...? El oficial hizo un gesto de impotencia y, rindiéndose a su desconcierto, se calló abruptamente.",El oficial estaba confundido por lo que estaba sucediendo a bordo del barco.,entailment,entailment,0.7444,70.69849967956543,True
48,"Hace unos años yo estudiaba allí y pasé un semestre estudiando en el extranjero, en Londres",Nunca había estudiado en el extranjero antes.,contradiction,contradiction,0.5957,70.19186019897461,True
49,Otros consejeros se hicieron eco de esta preocupación.,Solo un consejero no expresó su preocupación por este plan.,neutral,neutral,0.9632,66.86639785766602,True
