ticket_id,category_pred,category_true,category_conf,category_correct,urgency_pred,urgency_true,urgency_correct,needs_human_prob,needs_human_pred,needs_human_true,needs_human_correct,automate,should_automate,latency_ms,cost_usd
TKT-001,facturación,facturación,0.999,True,1,2,False,0.9597,True,True,True,False,False,241.52326583862305,0
TKT-002,facturación,ventas,0.2481,False,1,0,False,0.0147,False,False,True,False,True,213.2577896118164,0
TKT-003,cancelación,técnico,0.5483,False,1,1,True,0.5192,True,True,True,False,False,221.12178802490234,0
TKT-004,cancelación,cancelación,1.0,True,1,1,True,0.9296,True,True,True,False,False,212.9380702972412,0
TKT-005,técnico,otro,0.2911,False,1,0,False,0.0275,False,False,True,False,True,193.99571418762207,0
TKT-006,cancelación,facturación,0.4976,False,1,2,False,0.6232,True,True,True,False,False,222.44024276733398,0
TKT-007,técnico,técnico,0.6366,True,1,1,True,0.3841,False,False,True,False,True,202.83865928649902,0
TKT-008,técnico,otro,0.9083,False,1,0,False,0.1846,False,False,True,True,True,205.66558837890625,0
TKT-009,ventas,técnico,0.8371,False,1,2,False,0.351,False,True,False,True,False,214.01143074035645,0
TKT-010,facturación,ventas,0.995,False,1,0,False,0.6929,True,True,True,False,False,230.96632957458496,0
TKT-011,técnico,cancelación,0.5893,False,1,2,False,0.9441,True,True,True,False,False,225.13318061828613,0
TKT-012,otro,facturación,0.1186,False,1,0,False,0.1132,False,False,True,False,True,202.8334140777588,0
TKT-013,técnico,técnico,0.5876,True,1,1,True,0.5743,True,False,False,False,True,216.35794639587402,0
TKT-014,técnico,otro,0.7595,False,1,0,False,0.2465,False,False,True,True,True,225.93259811401367,0
TKT-015,cancelación,facturación,0.9956,False,1,1,True,0.063,False,True,False,True,False,207.3690891265869,0
TKT-016,técnico,técnico,0.4052,True,1,0,False,0.4269,False,False,True,False,True,168.8973903656006,0
TKT-017,facturación,ventas,0.2541,False,1,0,False,0.6791,True,False,False,False,True,168.6227321624756,0
TKT-018,técnico,técnico,0.8843,True,1,2,False,0.9673,True,True,True,False,False,214.8118019104004,0
TKT-019,ventas,ventas,0.6862,True,1,1,True,0.2644,False,True,False,False,False,202.0397186279297,0
TKT-020,técnico,otro,0.7183,False,1,0,False,0.6112,True,False,False,False,True,198.53806495666504,0
